{
    "data": [
             {
             "avatar": "http://tva1.sinaimg.cn/crop.0.0.2048.2048.50/c0894007jw8eo090gvai2j21kw1kwgox.jpg",
             "nickname": "数码荔枝正版软件",
             "content": "【好软推荐】WebTorrent 是一款能够以流媒体的形式直接播放 BT 种子，提供了 Win/Mac/Linux 三平台客户端，免费开源。对了，在官网上，你还能直观看到 WebTorrent 是如何工作的（顺便播放了一部健康的魔幻小短片），很有意思～ 官网：https://webtorrent.io/",
             "type": "img",
             "resources":[
                          {"image_url": "http://ww3.sinaimg.cn/mw690/c0894007gw1f4xfof9eexj20zx0bxwhd.jpg",
                          "width": 690,
                          "height": 229}
                          ]
             },
             {
             "avatar": "http://js.a.yximgs.com/uhead/AB/2015/02/10/01/BMjAxNTAyMTAwMTI1NTlfNTEyODAzNjZfMV9oZDY5.jpg",
             "nickname": "℉菲儿",
             "content": "'放开那只兔宝贝",
             "type": "video",
             "resources":[
                          {"image_url": "http://ws.a.yximgs.com/upic/2016/07/01/09/BMjAxNjA3MDEwOTMzNTdfNTEyODAzNjZfODU1Nzk4MDQ0XzFfMw==.jpg",
                          "video_url": "http://ws.a.yximgs.com/upic/2016/07/01/09/BMjAxNjA3MDEwOTMzNTdfNTEyODAzNjZfODU1Nzk4MDQ0XzFfMw==.mp4",
                          "width": 480,
                          "height": 640}
                          ]
             },
             {
             "avatar": "http://tva2.sinaimg.cn/crop.0.0.511.511.50/005SiNxyjw1emjqhw1hk7j30e80e8q33.jpg",
             "nickname": "稀土圈",
             "content": "掘金翻译计划的 Github Star 满2000啦~ 半年间译者们为大家贡献了 Android、iOS、React Native 等领域最前沿的译文，小伙伴们快来 Github 上 Star 我们吧！转发此条微博周五抽出一个 Github 章鱼猫和两张 Github 的 MacBook 贴纸，查看更多优质译文猛戳这里https://github.com/xitu/gold-miner",
             "type": "img",
             "resources":[
                          {"image_url": "http://ww1.sinaimg.cn/mw690/005SiNxygw1f52xrsvdq6j30p008cgnd.jpg",
                          "width": 690,
                          "height": 230},
                          {"image_url": "http://ww3.sinaimg.cn/mw690/005SiNxygw1f52xt8y9k6j30j60j341o.jpg",
                          "width": 690,
                          "height": 687},
                          {"image_url": "http://ww2.sinaimg.cn/mw690/005SiNxygw1f52xrypqixj30p008c3zu.jpg",
                          "width": 690,
                          "height": 230},
                          {"image_url": "http://ww3.sinaimg.cn/mw690/005SiNxygw1f52xs1677yj30k006omyt.jpg",
                          "width": 690,
                          "height": 230},
                          {"image_url": "http://ww4.sinaimg.cn/mw690/005SiNxygw1f52xsc2jzqj30dc0dcq3g.jpg",
                          "width": 480,
                          "height": 480},
                          {"image_url": "http://ww2.sinaimg.cn/mw690/005SiNxygw1f52xsq46w2j30k006ogmd.jpg",
                          "width": 690,
                          "height": 230},
                          {"image_url": "http://ww1.sinaimg.cn/mw690/005SiNxygw1f52xu7004aj30p008c40q.jpg",
                          "width": 690,
                          "height": 230},
                          {"image_url": "http://ww1.sinaimg.cn/mw690/005SiNxygw1f52xtrrd4wj30dr0drzlr.jpg",
                          "width": 495,
                          "height": 495},
                          {"image_url": "http://ww1.sinaimg.cn/mw690/005SiNxygw1f52xuma0p8j30k006oaax.jpg",
                          "width": 690,
                          "height": 230}
                          ]
             },
             {
             "avatar": "http://ali2.a.yximgs.com/uhead/AB/2016/07/01/23/BMjAxNjA3MDEyMzI1NDRfNTY2MDU0MzJfMV9oZDI=.jpg",
             "nickname": "'Hོ ",
             "content": "",
             "type": "video",
             "resources":[
                          {"image_url": "http://tx2.a.yximgs.com/upic/2016/07/01/18/BMjAxNjA3MDExODQ1MDVfNTY2MDU0MzJfODU3MDA0NjU1XzFfMw==.jpg",
                          "video_url": "http://tx2.a.yximgs.com/upic/2016/07/01/18/BMjAxNjA3MDExODQ1MDVfNTY2MDU0MzJfODU3MDA0NjU1XzFfMw==.mp4",
                          "width": 480,
                          "height": 640}
                          ]
             },
             {
             "avatar": "http://tva3.sinaimg.cn/crop.0.0.401.401.50/68147f68jw8ezff3h1n0ij20b50b5weq.jpg",
             "nickname": "InfoQ",
             "content": "梁宇鹏，人称最帅技术讲师，多次参加由InfoQ举办的QCon和ArchSummit技术大会，演讲内容多涉及云平台SDK开发、运维经验之谈等等。6月25号举办的全球移动技术大会上，他将继续保持幽默诙谐而又专业的风格，只讲技术干货，不撩妹",
             "type": "img",
             "resources":[
                          {"image_url": "http://ww1.sinaimg.cn/mw690/68147f68jw1f52y9uzhhwj21b61b6q9q.jpg",
                          "width": 690,
                          "height": 690}
                          ]
             },
             {
             "avatar": "http://ali2.a.yximgs.com/uhead/AB/2016/07/01/14/BMjAxNjA3MDExNDE4MjlfMTU4ODc3NzMzXzJfaGQ0Nw==.jpg",
             "nickname": "沐。樱",
             "content": "lF YOU",
             "type": "video",
             "resources":[
                          {"image_url": "http://tx2.a.yximgs.com/upic/2016/06/30/16/BMjAxNjA2MzAxNjM0MDVfMTU4ODc3NzMzXzg1NDIzNTY3M18yXzM=.jpg",
                          "video_url": "http://tx2.a.yximgs.com/upic/2016/06/30/16/BMjAxNjA2MzAxNjM0MDVfMTU4ODc3NzMzXzg1NDIzNTY3M18yXzM=.mp4",
                          "width": 480,
                          "height": 640}
                          ]
             },
             {
             "avatar": "http://ali2.a.yximgs.com/uhead/AB/2016/06/06/23/BMjAxNjA2MDYyMzE4MjRfMTc2NTM5ODIwXzJfaGQ3OA==.jpg",
             "nickname": "宁德小强哥",
             "content": "哈哈哈！无聊随便拍拍双击666",
             "type": "video",
             "resources":[
                          {"image_url": "http://ls.a.yximgs.com/upic/2016/07/01/14/BMjAxNjA3MDExNDMzMzZfMTc2NTM5ODIwXzg1NjQwOTA5NF8yXzM=.jpg",
                          "video_url": "http://lsmov.a.yximgs.com/upic/2016/07/01/14/BMjAxNjA3MDExNDMzMzZfMTc2NTM5ODIwXzg1NjQwOTA5NF8yXzM=.mp4",
                          "width": 480,
                          "height": 640}
                          ]
             },
             {
             "avatar": "http://tva3.sinaimg.cn/crop.0.0.401.401.50/68147f68jw8ezff3h1n0ij20b50b5weq.jpg",
             "nickname": "InfoQ",
             "content": "【专访邱晨：微博的复杂信息流架构之道】与电商和通讯工具类App不同，微博客户端具有多信息流、内容丰富多样、对数据量和延迟敏感等特点。微博的信息流承载着文字、网页、照片、视频、直播等多样的内容形式，所以复杂信息流对团队的开发效率、App的性能都带来了极大的挑战。http://www.infoq.com/cn/news/2016/06/Weibo-complex-information",
             "type": "img",
             "resources":[
                          {"image_url": "http://ww4.sinaimg.cn/mw690/68147f68jw1f52lo7tiwqj206o050wet.jpg",
                          "width": 240,
                          "height": 180}
                          ]
             },
             {
             "avatar": "http://tva2.sinaimg.cn/crop.0.0.180.180.50/795bf814jw1e8qgp5bmzyj2050050aa8.jpg",
             "nickname": "SegmentFault",
             "content": "今年的 WWDC iOS 10 SDK 又有哪些新的特性呢？除此，这期@风起云飞firim 还为大家带来了哪些干货分享，《从 iOS 10 SDK 新特性说起》传送门:https://segmentfault.com/a/1190000005756642",
             "type": "img",
             "resources":[
                          {"image_url": "http://ww4.sinaimg.cn/mw690/795bf814gw1f52pfh593ej20rs0eiq87.jpg",
                          "width": 690,
                          "height": 360}
                          ]
             },
             {
             "avatar": "http://js.a.yximgs.com/uhead/AB/2016/06/28/19/BMjAxNjA2MjgxOTU5MjdfMTEyMzc2OTNfMV9oZDYy.jpg",
             "nickname": "王昭君",
             "content": "有纹身的都热，哈哈",
             "type": "video",
             "resources":[
                          {"image_url": "http://js.a.yximgs.com/upic/2016/07/02/01/BMjAxNjA3MDIwMTQxNDFfMTEyMzc2OTNfODU4MDE2MTI3XzFfMw==.jpg",
                          "video_url": "http://js.a.yximgs.com/upic/2016/07/02/01/BMjAxNjA3MDIwMTQxNDFfMTEyMzc2OTNfODU4MDE2MTI3XzFfMw==.mp4",
                          "width": 480,
                          "height": 640}
                          ]
             },
             {
             "avatar": "http://tva3.sinaimg.cn/crop.14.12.154.154.50/739a6626gw1f2h22g6kdkj2050050dfu.jpg",
             "nickname": "阿里技术嘉年华",
             "content": "DockerCon 2016 Day1 现场报道——Docker社区爆发增长，容器化应用增长3100%，Docker相关项目增长1300%，拉取请求增长720%，镜像下载增长145K%，项目贡献者增长530%… Docker增长这么牛啊：https://yq.aliyun.com/articles/55866",
             "type": "img",
             "resources":[
                          {"image_url": "http://ww2.sinaimg.cn/mw690/739a6626gw1f52xmoq6pgj20hs0btta2.jpg",
                          "width": 640,
                          "height": 425}
                          ]
             },
             {
             "avatar": "http://tva3.sinaimg.cn/crop.48.11.210.210.50/0069krvhjw8et9k1enz63j308c08c3yr.jpg",
             "nickname": "应用派小队",
             "content": "真的炫酷到没朋友，大家可以期待一下正式版。",
             "type": "img",
             "resources":[
                          {"image_url": "http://ww4.sinaimg.cn/mw690/0069krvhgw1f52xgaxc1nj30hs0vkjtc.jpg",
                          "width": 640,
                          "height": 1136}
                          ]
             },
             {
             "avatar": "http://ali2.a.yximgs.com/uhead/AB/2016/07/01/12/BMjAxNjA3MDExMjU1MTJfNTI4NDMyMTZfMl9oZDU1.jpg",
             "nickname": "大扎奇葩iii",
             "content": "哈哈哈，帮我洗洗吧，",
             "type": "video",
             "resources":[
                          {"image_url": "http://tx2.a.yximgs.com/upic/2016/07/01/18/BMjAxNjA3MDExODI4NThfNTI4NDMyMTZfODU2OTYwNTY0XzJfMw==.jpg",
                          "video_url": "http://tx2.a.yximgs.com/upic/2016/07/01/18/BMjAxNjA3MDExODI4NThfNTI4NDMyMTZfODU2OTYwNTY0XzJfMw==.mp4",
                          "width": 640,
                          "height": 480}
                          ]
             },
             {
             "avatar": "http://js.a.yximgs.com/uhead/AB/2016/04/22/16/BMjAxNjA0MjIxNjQwNDRfMTQ1MDgyOTYwXzFfaGQ4Mg==.jpg",
             "nickname": "何碧钢管舞",
             "content": "广州尚界钢管舞学院 每天和你不见不散",
             "type": "video",
             "resources":[
                          {"image_url": "http://ls.a.yximgs.com/upic/2016/07/01/18/BMjAxNjA3MDExODU0MzNfMTQ1MDgyOTYwXzg1NzAzMDY5Nl8xXzM=.jpg",
                          "video_url": "http://lsmov.a.yximgs.com/upic/2016/07/01/18/BMjAxNjA3MDExODU0MzNfMTQ1MDgyOTYwXzg1NzAzMDY5Nl8xXzM=.mp4",
                          "width": 480,
                          "height": 640}
                          ]
             },
             {
             "avatar": "http://ali2.a.yximgs.com/uhead/AB/2016/04/01/00/BMjAxNjA0MDEwMDQzNDdfMTU1OTYxMTQwXzFfaGQ4NQ==.jpg",
             "nickname": "晓萍编发",
             "content": "分享给大家么么哒",
             "type": "video",
             "resources":[
                          {"image_url": "http://ls.a.yximgs.com/upic/2016/07/02/14/BMjAxNjA3MDIxNDA5MjFfMTU1OTYxMTQwXzg1ODk0NjA5M18xXzM=.jpg",
                          "video_url": "http://lsmov.a.yximgs.com/upic/2016/07/02/14/BMjAxNjA3MDIxNDA5MjFfMTU1OTYxMTQwXzg1ODk0NjA5M18xXzM=.mp4",
                          "width": 480,
                          "height": 640}
                          ]
             },
             {
             "avatar": "http://tva3.sinaimg.cn/crop.115.39.345.345.50/6c0b2b63gw1f3q91dt9mdj20g00bugly.jpg",
             "nickname": "TECH2IPO创见",
             "content": "快讯|据WSJ英文版报道，腾讯控股已经与日本软银达成协议，将收购软银目前持有的芬兰游戏公司Supercell的主要股份，具体收购金额和交易形式会在稍晚些时候公布。 Supercell旗下几款手游大作的全球表现有目共睹，腾讯收购其股份可能意欲加强自己在手游和移动电竞行业的领先优势。",
             "type": "img",
             "resources":[
                          {"image_url": "http://ww4.sinaimg.cn/mw690/6c0b2b63gw1f52x7eal1wj20hs0a0js6.jpg",
                          "width": 640,
                          "height": 360}
                          ]
             },
             {
             "avatar": "http://tva1.sinaimg.cn/crop.0.0.179.179.50/69c30c5fjw1f4o1v79a4mj20500503yn.jpg",
             "nickname": "Naituw",
             "content": "WOW!!!",
             "type": "img",
             "resources":[
                          {"image_url": "http://ww3.sinaimg.cn/mw690/69c30c5fjw1f52v8kkmcij20qo0zktki.jpg",
                          "width": 690,
                          "height": 920}
                          ]
             },
             {
             "avatar": "http://tva2.sinaimg.cn/crop.0.0.798.798.50/d6eb2b02gw1el7e315i11j20m80m8jtn.jpg",
             "nickname": "乌云知识库",
             "content": "感谢blast投稿的作品《Windows Media Center .MCL文件代码执行漏洞(MS16-059)》漏洞作者EduardoBraun Prado在今年早期发现了WMP的.MCL文件又存在一个可以导致远程代码执行的漏洞。为什么要说又呢，因为其在同一个地方出现了多次绕过导致远程代码执行的问题 http://drops.wooyun.org/papers/16935",
             "type": "img",
             "resources":[
                          {"image_url": "http://ww1.sinaimg.cn/mw690/d6eb2b02jw1f52s5a6rjjj20zk0vm760.jpg",
                          "width": 690,
                          "height": 613}
                          ]
             },
             {
             "avatar": "http://js.a.yximgs.com/uhead/AB/2016/01/25/11/BMjAxNjAxMjUxMTUwNThfMTEzOTI5MDkwXzJfaGQ1OA==.jpg",
             "nickname": "疯狂的石头（翡翠的讲解）",
             "content": "",
             "type": "video",
             "resources":[
                          {"image_url": "http://tx2.a.yximgs.com/upic/2016/07/01/12/BMjAxNjA3MDExMjIxNTFfMTEzOTI5MDkwXzg1NjExNDY3Ml8xXzM=.jpg",
                          "video_url": "http://tx2.a.yximgs.com/upic/2016/07/01/12/BMjAxNjA3MDExMjIxNTFfMTEzOTI5MDkwXzg1NjExNDY3Ml8xXzM=.mp4",
                          "width": 480,
                          "height": 640}
                          ]
             },
             {
             "avatar": "http://js.a.yximgs.com/uhead/AB/2016/06/26/15/BMjAxNjA2MjYxNTE4MzFfOTE3OTcyNTlfMl9oZDg3.jpg",
             "nickname": "刘利蛋",
             "content": "儿子给妈洗头",
             "type": "video",
             "resources":[
                          {"image_url": "http://js.a.yximgs.com/upic/2016/07/01/09/BMjAxNjA3MDEwOTU4MjVfOTE3OTcyNTlfODU1ODM2ODEyXzJfMw==.jpg",
                          "video_url": "http://js.a.yximgs.com/upic/2016/07/01/09/BMjAxNjA3MDEwOTU4MjVfOTE3OTcyNTlfODU1ODM2ODEyXzJfMw==.mp4",
                          "width": 480,
                          "height": 640}
                          ]
             },
             {
             "avatar": "http://tva4.sinaimg.cn/crop.1.0.748.748.50/439df08ajw8f0im5qsv00j20ku0ks0w7.jpg",
             "nickname": "纯银V",
             "content": "最近忙，好久没写过长文了，脑子被工作占满，今天抽空写点啥。http://www.jianshu.com/p/5d4c0016cad4?utm_campaign=maleskine&utm_content=note&utm_medium=writer_share&utm_source=weibo",
             "type": "img",
             "resources":[
                          {"image_url": "http://ww1.sinaimg.cn/mw690/439df08ajw1f52s15haurj20hs4yv7mv.jpg",
                          "width": 640,
                          "height": 6439}
                          ]
             },
             {
             "avatar": "http://ali2.a.yximgs.com/uhead/AB/2015/04/10/23/BMjAxNTA0MTAyMzMxMTBfMjczMDEzN18yX2hkMzk=.jpg",
             "nickname": "湘琴小丸子",
             "content": "",
             "type": "video",
             "resources":[
                          {"image_url": "http://js.a.yximgs.com/upic/2016/07/02/01/BMjAxNjA3MDIwMTQ3MDFfMjczMDEzN184NTgwMjA0MTRfMV8z.jpg",
                          "video_url": "http://js.a.yximgs.com/upic/2016/07/02/01/BMjAxNjA3MDIwMTQ3MDFfMjczMDEzN184NTgwMjA0MTRfMV8z.mp4",
                          "width": 480,
                          "height": 640}
                          ]
             },
             {
             "avatar": "http://tva1.sinaimg.cn/crop.0.110.440.440.50/62caff97jw8e9la9x3lcbj20c80ict9r.jpg",
             "nickname": "王威廉",
             "content": "百度在ICML最新开源的Persistent RNN代码：https://github.com/baidu-research/persistent-rnn",
             "type": "img",
             "resources":[
                          {"image_url": "http://ww4.sinaimg.cn/mw690/62caff97gw1f52rzyqv28j21780m141a.jpg",
                          "width": 690,
                          "height": 352}
                          ]
             },
             {
             "avatar": "http://ali2.a.yximgs.com/uhead/AB/2016/02/12/12/BMjAxNjAyMTIxMjU2MTJfMTkzNDY3MDA4XzJfaGQyNQ==.jpg",
             "nickname": "支付宝446",
             "content": "",
             "type": "video",
             "resources":[
                          {"image_url": "http://js.a.yximgs.com/upic/2016/07/02/12/BMjAxNjA3MDIxMjE3MDVfMTkzNDY3MDA4Xzg1ODY3NTYzMl8yXzM=.jpg",
                          "video_url": "http://js.a.yximgs.com/upic/2016/07/02/12/BMjAxNjA3MDIxMjE3MDVfMTkzNDY3MDA4Xzg1ODY3NTYzMl8yXzM=.mp4",
                          "width": 480,
                          "height": 640}
                          ]
             },
             {
             "avatar": "http://tva4.sinaimg.cn/crop.0.0.179.179.50/78e4b8d4gw1e80brc31akj20500503yc.jpg",
             "nickname": "FreeBuf黑客与极客",
             "content": "【运用Fluxion高效破解WiFi密码】Fluxion是一个无线破解工具，这个工具有点像是Linset的翻版。但是与Linset比较起来，它有着更多有趣的功能。目前这个工具在Kali Linux上可以完美运行。详情：http://www.freebuf.com/sectool/107237.html",
             "type": "img",
             "resources":[
                          {"image_url": "http://ww4.sinaimg.cn/mw690/78e4b8d4gw1f52s0c7r4sj20640460sm.jpg",
                          "width": 220,
                          "height": 150}
                          ]
             },
             {
             "avatar": "http://tva3.sinaimg.cn/crop.0.0.512.512.50/005INCKHjw8ezyidk5kv4j30e80e8aaa.jpg",
             "nickname": "湾区日报BayArea",
             "content": "【为何每个创业公司都要有个吉祥物】来自 readme.io 的经验分享，他们的吉祥物是一只猫头鹰。拟人化的吉祥物有助于品牌的宣传，尤其是那些产品是无趣的面向开发者面向企业的公司。 ",
             "type": "img",
             "resources":[
                          {"image_url": "http://ww3.sinaimg.cn/mw690/005INCKHjw1f52ra6talqj31kw0hz4a1.jpg",
                          "width": 690,
                          "height": 218}
                          ]
             },
             {
             "avatar": "http://tva4.sinaimg.cn/crop.0.0.996.996.50/722cf283jw8f3tg40dfayj20ro0rpq6n.jpg",
             "nickname": "陈利人",
             "content": "关注期权的朋友，值得好好看看。http://mp.weixin.qq.com/s?__biz=MjM5ODIzNDQ3Mw==&mid=2649965541&idx=1&sn=8441d4e9d7f58e331589f65ca96e80ab&scene=0",
             "type": "img",
             "resources":[
                          {"image_url": "http://ww2.sinaimg.cn/mw690/722cf283jw1f52pzzr7ynj20c81ffk1r.jpg",
                          "width": 440,
                          "height": 1851}
                          ]
             },
             {
             "avatar": "http://tva2.sinaimg.cn/crop.0.0.180.180.50/6c511336jw1e8qgp5bmzyj2050050aa8.jpg",
             "nickname": "NSPredicate",
             "content": "去了趟Slack的一个小会, 他们的框架真得很厉害.",
             "type": "img",
             "resources":[
                          {"image_url": "http://ww2.sinaimg.cn/mw690/6c511336gw1f52pji6ei8j20ku0ku0uq.jpg",
                          "width": 690,
                          "height": 690}
                          ]
             },
             {
             "avatar": "http://tva3.sinaimg.cn/crop.0.0.512.512.50/6e1068adjw8eyur0dda2ij20e80e8gmv.jpg",
             "nickname": "图拉鼎",
             "content": "「风寒指数」？！第一次看到，快热死了。",
             "type": "img",
             "resources":[
                          {"image_url": "http://ww2.sinaimg.cn/mw690/6e1068adjw1f52pfzetsqj20ku11245m.jpg",
                          "width": 690,
                          "height": 1227}
                          ]
             },
             {
             "avatar": "http://tva2.sinaimg.cn/crop.0.0.750.750.50/5c5f1f05jw8f3pdl5hbuvj20ku0kvta1.jpg",
             "nickname": "pennana",
             "content": "第一次画水彩画，画成水粉画的即视感…",
             "type": "img",
             "resources":[
                          {"image_url": "http://ww4.sinaimg.cn/mw690/5c5f1f05jw1f52ob03a8vj21w02cxhdt.jpg",
                          "width": 690,
                          "height": 862}
                          ]
             },
             {
             "avatar": "http://tva4.sinaimg.cn/crop.0.0.639.639.50/005vfqIjjw8eqrl921wabj30hs0hrq49.jpg",
             "nickname": "梁杰_numbbbbb",
             "content": "限量烫金签名版......",
             "type": "img",
             "resources":[
                          {"image_url": "http://ww2.sinaimg.cn/mw690/005vfqIjjw1f52fanx1h7j30qo0zk10a.jpg",
                          "width": 690,
                          "height": 920}
                          ]
             },
             {
             "avatar": "http://tva2.sinaimg.cn/crop.199.0.333.333.50/dd1b98a3gw1eego2i8zrmj20f00anmzh.jpg",
             "nickname": "TH000_黄翔",
             "content": "最近开始传视频，优酷频道也是新申请的，一切都很新，还在努力完善，错过直播的小伙伴以后可以补了~传送门→http://i.youku.com/i/UMTgzMjg4MDg2NA==",
             "type": "img",
             "resources":[
                          {"image_url": "http://ww1.sinaimg.cn/mw690/dd1b98a3gw1f527nzzlf0j20u80a576y.jpg",
                          "width": 690,
                          "height": 231},
                          {"image_url": "http://ww2.sinaimg.cn/mw690/dd1b98a3gw1f527o5b6oyj20t209eacx.jpg",
                          "width": 690,
                          "height": 223}
                          ]
             },
             {
             "avatar": "http://ali2.a.yximgs.com/uhead/AB/2016/06/24/10/BMjAxNjA2MjQxMDQwNTBfMjY1MTY3NTA1XzJfaGQ1Mw==.jpg",
             "nickname": "东莞常平大Ck小龙",
             "content": "",
             "type": "video",
             "resources":[
                          {"image_url": "http://tx2.a.yximgs.com/upic/2016/06/30/21/BMjAxNjA2MzAyMTUwNTRfMjY1MTY3NTA1Xzg1NTA2NjY1MV8yXzM=.jpg",
                          "video_url": "http://tx2.a.yximgs.com/upic/2016/06/30/21/BMjAxNjA2MzAyMTUwNTRfMjY1MTY3NTA1Xzg1NTA2NjY1MV8yXzM=.mp4",
                          "width": 480,
                          "height": 640}
                          ]
             },
             {
             "avatar": "http://js.a.yximgs.com/uhead/AB/2016/03/20/18/BMjAxNjAzMjAxODU5MjdfMTc2NzUzNzg3XzJfaGQ5OA==.jpg",
             "nickname": "任我疏狂7",
             "content": "下的太大了",
             "type": "video",
             "resources":[
                          {"image_url": "http://tx2.a.yximgs.com/upic/2016/06/30/20/BMjAxNjA2MzAyMDE0NDdfMTc2NzUzNzg3Xzg1NDc5NjQ1N18yXzM=.jpg",
                          "video_url": "http://tx2.a.yximgs.com/upic/2016/06/30/20/BMjAxNjA2MzAyMDE0NDdfMTc2NzUzNzg3Xzg1NDc5NjQ1N18yXzM=.mp4",
                          "width": 480,
                          "height": 640}
                          ]
             },
             {
             "avatar": "http://ali2.a.yximgs.com/uhead/AB/2016/05/15/08/BMjAxNjA1MTUwODIwMjBfMTczNzAwNDFfMV9oZDYw.jpg",
             "nickname": "JIE-蛋糕师",
             "content": "",
             "type": "video",
             "resources":[
                          {"image_url": "http://tx2.a.yximgs.com/upic/2016/06/30/15/BMjAxNjA2MzAxNTQ1MTlfMTczNzAwNDFfODU0MTI4Njc0XzFfMw==.jpg",
                          "video_url": "http://tx2.a.yximgs.com/upic/2016/06/30/15/BMjAxNjA2MzAxNTQ1MTlfMTczNzAwNDFfODU0MTI4Njc0XzFfMw==.mp4",
                          "width": 480,
                          "height": 640}
                          ]
             },
             {
             "avatar": "http://js.a.yximgs.com/uhead/AB/2016/06/27/22/BMjAxNjA2MjcyMjE0NDZfMTY1MjIxOTNfMl9oZDQ4.jpg",
             "nickname": "一米八二",
             "content": "他妈的 吓死我了",
             "type": "video",
             "resources":[
                          {"image_url": "http://js.a.yximgs.com/upic/2016/07/01/12/BMjAxNjA3MDExMjI2MTFfMTY1MjIxOTNfODU2MTI0MDA5XzJfMw==.jpg",
                          "video_url": "http://js.a.yximgs.com/upic/2016/07/01/12/BMjAxNjA3MDExMjI2MTFfMTY1MjIxOTNfODU2MTI0MDA5XzJfMw==.mp4",
                          "width": 480,
                          "height": 640}
                          ]
             },
             {
             "avatar": "http://tva1.sinaimg.cn/crop.0.7.498.498.180/63909ae7jw8f4nz90k21yj20du0e8mxi.jpg",
             "nickname": "王志安",
             "content": "香港的九龙寨城曾经是中国政府的外飞地，但历届中国政府都拒绝管理，而英国和香港政府又无权管理，在近百年的时间里，这里成了一个三不管的无政府地区，危如累卵地建筑，横行的黑社会，逃犯的天堂，制毒贩毒的窝点。很多人认为无政府就会自发形成良性秩序，去看看九龙寨的历史就知道有多么幼稚了。",
             "type": "img",
             "resources":[
                          {"image_url": "http://ww3.sinaimg.cn/mw690/63909ae7jw1f50z4o8v63j20hs0d9420.jpg",
                          "width": 640,
                          "height": 477},
                          {"image_url": "http://ww1.sinaimg.cn/mw690/63909ae7jw1f50z4okugvj20hs0bxn0s.jpg",
                          "width": 640,
                          "height": 429},
                          {"image_url": "http://ww3.sinaimg.cn/mw690/63909ae7jw1f50z4oqvt8j20hs0e6jux.jpg",
                          "width": 640,
                          "height": 510},
                          {"image_url": "http://ww1.sinaimg.cn/mw690/63909ae7jw1f50z4nvy94j20hs0byacb.jpg",
                          "width": 640,
                          "height": 430},
                          {"image_url": "http://ww1.sinaimg.cn/mw690/63909ae7jw1f50z4opwglj20hs0ccjtk.jpg",
                          "width": 640,
                          "height": 444},
                          {"image_url": "http://ww4.sinaimg.cn/mw690/63909ae7jw1f50z4ox7ahj20hs0bvju5.jpg",
                          "width": 640,
                          "height": 427},
                          {"image_url": "http://ww2.sinaimg.cn/mw690/63909ae7jw1f50z4p91wmj20hs0bvgnb.jpg",
                          "width": 640,
                          "height": 427},
                          {"image_url": "http://ww4.sinaimg.cn/mw690/63909ae7jw1f50z4pekejj20hs0bu76a.jpg",
                          "width": 640,
                          "height": 426},
                          {"image_url": "http://ww2.sinaimg.cn/mw690/63909ae7jw1f50z4pew3ij20hs08umzb.jpg",
                          "width": 640,
                          "height": 318}
                          ]
             },
             {
             "avatar": "http://tva2.sinaimg.cn/crop.0.0.200.200.50/005NFHyQjw1emxj4pdp8uj305k05k3yf.jpg",
             "nickname": "iOS大全",
             "content": "《block没那么难（一）：block的实现》block 顾名思义就是代码块，将同一逻辑的代码放在一个块，使代码更简洁紧凑，易于阅读，而且它比函数使用更方便，代码更美观，因而广受开发者欢迎",
             "type": "img",
             "resources":[
                          {"image_url": "http://ww4.sinaimg.cn/mw690/005NFHyQgw1f51n9wrodnj305k05k0sn.jpg",
                          "width": 200,
                          "height": 200}
                          ]
             },
             {
             "avatar": "http://tva3.sinaimg.cn/crop.0.0.907.907.50/7104902cgw1ev5emvd324j20p90p90zc.jpg",
             "nickname": "里脊串",
             "content": "应该有是一封群发邮件吧[挖鼻] 猜猜是哪家公司",
             "type": "img",
             "resources":[
                          {"image_url": "http://ww4.sinaimg.cn/mw690/7104902cgw1f51wt5p3bnj20ku1120z2.jpg",
                          "width": 690,
                          "height": 1227}
                          ]
             },
             {
             "avatar": "http://tva2.sinaimg.cn/crop.0.0.180.180.50/c5ff030ejw1e8qgp5bmzyj2050050aa8.jpg",
             "nickname": "南峰子_老驴",
             "content": "类簇的设计是简单性与扩展性的一种权衡，它为多个私有类提供了一些公共类以简化这些私有类的学习成本和使用，但却稍微牺牲了些扩展性，让创建类簇中类的子类更加困难。 当然，如果有必要，我们还是可以为类簇中的基类创建子类。有两种方式来创建，一种是创建真正的子类；而另一种是通过组合对象来实现。  不管使用哪种方式，需要明确的是类簇中的基类一般是没有自己的实例变量来存储数据的，所以子类必须创建自己的存储方式。真正的子类是定义自己的存储结构，而组合对象则是嵌入一个类簇中的类对象来实现存储，如借助NSMutableDictionary对象来实现一个NSDictionary的子类，如图。 另外，通常还需要重写基类的原始方法(primitive methods)。所谓的原始方法就是一个类的基本方法，这些方法直接访问对象的实例变量，而其它方法(衍生方法，derived methods)都基于这些方法来实现。如NSArray的有两个原始方法：count和objectAtIndex:，有了这两个方法，其它方法就能实现，如lastObject。",
             "type": "img",
             "resources":[
                          {"image_url": "http://ww4.sinaimg.cn/mw690/c5ff030ejw1f51wigrh3ej21a40o8djp.jpg",
                          "width": 690,
                          "height": 362}
                          ]
             },
             {
             "avatar": "http://js.a.yximgs.com/uhead/AB/2016/02/01/16/BMjAxNjAyMDExNjMxMzNfMTg2MTA0Njc4XzJfaGQ0MA==.jpg",
             "nickname": "mn231",
             "content": "三米小黑棍挑七斤，刺激！！！",
             "type": "video",
             "resources":[
                          {"image_url": "http://js.a.yximgs.com/upic/2016/07/01/07/BMjAxNjA3MDEwNzU2MDVfMTg2MTA0Njc4Xzg1NTY3OTQ0MV8yXzM=.jpg",
                          "video_url": "http://js.a.yximgs.com/upic/2016/07/01/07/BMjAxNjA3MDEwNzU2MDVfMTg2MTA0Njc4Xzg1NTY3OTQ0MV8yXzM=.mp4",
                          "width": 640,
                          "height": 360}
                          ]
             },
             {
             "avatar": "http://tva2.sinaimg.cn/crop.300.0.1447.1447.50/6310d41cjw1eut1ooc6bmj21kw147tdy.jpg",
             "nickname": "SinaAppEngine",
             "content": "新浪云与国内领先的财经网络媒体新浪财经强强联合，震撼打造金融解决方案，致力于为金融行业的开发者提供一站式金融服务： 权威高质量金融大数据+成熟完善的开发运行环境+全方位多层面的安全防护",
             "type": "img",
             "resources":[
                          {"image_url": "http://ww4.sinaimg.cn/mw690/6310d41cjw1f51wg7l3lej20dc20246u.jpg",
                          "width": 480,
                          "height": 2594}
                          ]
             },
             {
             "avatar": "http://ali2.a.yximgs.com/uhead/AB/2016/07/02/00/BMjAxNjA3MDIwMDQxMDBfMTE0MTY5MzM1XzFfaGQ0MA==.jpg",
             "nickname": "女孩唐梦妮",
             "content": "忽略我的笑声 @＠关于王景 @笑脸莹 @张芷玉呀",
             "type": "video",
             "resources":[
                          {"image_url": "http://js.a.yximgs.com/upic/2016/07/01/18/BMjAxNjA3MDExODA3MTBfMTE0MTY5MzM1Xzg1NjkwMjkyMF8xXzM=.jpg",
                          "video_url": "http://js.a.yximgs.com/upic/2016/07/01/18/BMjAxNjA3MDExODA3MTBfMTE0MTY5MzM1Xzg1NjkwMjkyMF8xXzM=.mp4",
                          "width": 480,
                          "height": 640}
                          ]
             },
             {
             "avatar": "http://tva4.sinaimg.cn/crop.0.0.512.512.50/5375ccc8jw8f45htake99j20e80e8dho.jpg",
             "nickname": "tinyfool",
             "content": "怕怕",
             "type": "img",
             "resources":[
                          {"image_url": "http://ww2.sinaimg.cn/mw690/5375ccc8gw1f51wa36zjqj20om0e7jtl.jpg",
                          "width": 690,
                          "height": 368}
                          ]
             },
             {
             "avatar": "http://js.a.yximgs.com/uhead/AB/2016/05/31/04/BMjAxNjA1MzEwNDU3MTdfOTk2ODI0NzJfMl9oZDc1.jpg",
             "nickname": "花式飞车 龙徒",
             "content": "@南沫 @花式飞车 龙飞 @花式飞车 暖男",
             "type": "video",
             "resources":[
                          {"image_url": "http://js.a.yximgs.com/upic/2016/07/02/01/BMjAxNjA3MDIwMTA4MjNfOTk2ODI0NzJfODU3OTgyOTQzXzJfMw==.jpg",
                          "video_url": "http://js.a.yximgs.com/upic/2016/07/02/01/BMjAxNjA3MDIwMTA4MjNfOTk2ODI0NzJfODU3OTgyOTQzXzJfMw==.mp4",
                          "width": 480,
                          "height": 640}
                          ]
             },
             {
             "avatar": "http://tva4.sinaimg.cn/crop.0.0.180.180.50/72fd082bjw1e8qgp5bmzyj2050050aa8.jpg",
             "nickname": "田春冰河",
             "content": "[3/3] 意大利人太会玩了，竟然发明了自己的扑克牌，而且每个省都有自己的版本，图案是不一样的。https://it.m.wikipedia.org/wiki/Carte_da_gioco_italiane",
             "type": "img",
             "resources":[
                          {"image_url": "http://ww4.sinaimg.cn/mw690/72fd082bgw1f51vzmp0xbj20zk0qotkk.jpg",
                          "width": 690,
                          "height": 518},
                          {"image_url": "http://ww1.sinaimg.cn/mw690/72fd082bgw1f51vzibg3mj20qo0zkk2o.jpg",
                          "width": 690,
                          "height": 920},
                          {"image_url": "http://ww3.sinaimg.cn/mw690/72fd082bgw1f51vzrscfnj20qo0zkdra.jpg",
                          "width": 690,
                          "height": 920},
                          {"image_url": "http://ww3.sinaimg.cn/mw690/72fd082bgw1f51vzxn99dj20qo0zkn87.jpg",
                          "width": 690,
                          "height": 920},
                          {"image_url": "http://ww3.sinaimg.cn/mw690/72fd082bgw1f51w02i8i5j20qo0zkqds.jpg",
                          "width": 690,
                          "height": 920},
                          {"image_url": "http://ww4.sinaimg.cn/mw690/72fd082bgw1f51w08m6owj20qo0zk120.jpg",
                          "width": 690,
                          "height": 920}
                          ]
             },
             {
             "avatar": "http://tva2.sinaimg.cn/crop.45.68.285.285.50/6a5d5455jw1eq7nnff9hgj20b809vjrn.jpg",
             "nickname": "数据挖掘与数据分析",
             "content": "Ladys and乡亲们，1天后，让我们一起和易到见证吧【有一种结束，是另一种开始】",
             "type": "img",
             "resources":[
                          {"image_url": "http://ww4.sinaimg.cn/mw690/6a5d5455jw1f51vm02xrmj20dp0m8mzp.jpg",
                          "width": 493,
                          "height": 800}
                          ]
             },
             {
             "avatar": "http://tva3.sinaimg.cn/crop.0.0.401.401.50/68147f68jw8ezff3h1n0ij20b50b5weq.jpg",
             "nickname": "InfoQ",
             "content": "AWS中国首席云计算顾费良宏授课啦】7月5日，@亚马逊AWS中国首席云计算技术顾问做客InfoQ在线课堂，讲述如何使用 Amazon EMR 和 Redshift 构建大数据解决方案，并通过案例讲述其最佳实践。",
             "type": "img",
             "resources":[
                          {"image_url": "http://ww2.sinaimg.cn/mw690/68147f68gw1f51ne2s8hgj206z08xmxs.jpg",
                          "width": 251,
                          "height": 321},
                          {"image_url": "http://ww3.sinaimg.cn/mw690/68147f68gw1f51ne6rqmxj20et0iy0uo.jpg",
                          "width": 533,
                          "height": 682}
                          ]
             },
             {
             "avatar": "http://tva3.sinaimg.cn/crop.0.0.180.180.50/663fba41jw1e8qgp5bmzyj2050050aa8.jpg",
             "nickname": "54chen",
             "content": "@京东 @京东客服 自从我买来这个支架站着撸代码后，办公区越来越流行了，你们应该给我点回扣[doge][doge][doge] ",
             "type": "img",
             "resources":[
                          {"image_url": "http://ww4.sinaimg.cn/mw690/663fba41jw1f51p6now5wj20qo0zkn1r.jpg",
                          "width": 690,
                          "height": 920},
                          {"image_url": "http://ww2.sinaimg.cn/mw690/663fba41jw1f51p6ogrsxj20qo0zkafr.jpg",
                          "width": 690,
                          "height": 920},
                          {"image_url": "http://ww4.sinaimg.cn/mw690/663fba41jw1f51p6p5fuvj20qo0zkn2i.jpg",
                          "width": 690,
                          "height": 920}
                          ]
             }
             ]
}